{"count":1,"self":81.7481536,"total":372.6980795,"children":{"InitializeActuators":{"count":16,"self":0.0009991,"total":0.0009991,"children":null},"InitializeSensors":{"count":16,"self":0.00079749999999999992,"total":0.00079749999999999992,"children":null},"AgentSendState":{"count":156417,"self":0.9837037,"total":53.532319,"children":{"CollectObservations":{"count":500544,"self":0.7464242,"total":0.7464242,"children":null},"WriteActionMask":{"count":500544,"self":0.1539403,"total":0.1539403,"children":null},"RequestDecision":{"count":500544,"self":0.69281229999999994,"total":51.6482508,"children":{"AgentInfo.ToProto":{"count":500544,"self":0.7092733,"total":50.9554385,"children":{"GenerateSensorData":{"count":500544,"self":50.2461664,"total":50.2461652,"children":null}}}}}}},"DecideAction":{"count":156417,"self":232.10667519999998,"total":232.10667279999998,"children":null},"AgentAct":{"count":156417,"self":4.857784,"total":5.2888794,"children":{"AgentInfo.ToProto":{"count":2460,"self":0.014157999999999999,"total":0.43109549999999996,"children":{"GenerateSensorData":{"count":2460,"self":0.41693749999999996,"total":0.41693749999999996,"children":null}}}}},"AgentInfo.ToProto":{"count":92,"self":0.0009998,"total":0.0202612,"children":{"GenerateSensorData":{"count":92,"self":0.019261399999999998,"total":0.019261399999999998,"children":null}}}},"gauges":{"ChasingBehavior.CumulativeReward":{"count":2552,"max":332.676361,"min":3.26042271,"runningAverage":90.94658,"value":60.6627045,"weightedAverage":93.66247}},"metadata":{"timer_format_version":"0.1.0","start_time_seconds":"1737136861","unity_version":"2022.3.49f1","command_line_arguments":"C:\\Program Files\\Unity\\Hub\\Editor\\2022.3.49f1\\Editor\\Unity.exe -projectpath C:\\Users\\james\\Procedurally Generated Game -useHub -hubIPC -cloudEnvironment production -licensingIpc LicenseClient-james -hubSessionId e817e83e-5d46-4b13-b4e8-5e2d62af912d -accessToken icJW4JORpiTgu3t_S96yQsrhaxLARaKPFqpZxbDyW2o005f","communication_protocol_version":"1.5.0","com.unity.ml-agents_version":"2.0.1","scene_name":"MLAgentsTestEnvironment","end_time_seconds":"1737137234"}}